,BioGPT Large,BioGPT-PubMedQA-Prefix-Tuning
Loss,9.252271175384521,2.3173408925533296
Perplexity,10428.223165040908,10.148651123046875
